<?xml version="1.0" encoding="UTF-8"?>
<metadata xml:lang="en"><Esri><CreaDate>20130902</CreaDate><CreaTime>21115500</CreaTime><ArcGISFormat>1.0</ArcGISFormat><SyncOnce>TRUE</SyncOnce><DataProperties><lineage><Process ToolSource="c:\program files (x86)\arcgis\desktop10.1\ArcToolbox\Toolboxes\Data Management Tools.tbx\CalculateField" Date="20130902" Time="211155">CalculateField RegressionData NBelPov100 [PovertyD_1] VB #</Process><Process ToolSource="c:\program files (x86)\arcgis\desktop10.1\ArcToolbox\Toolboxes\Data Management Tools.tbx\CalculateField" Date="20130902" Time="211222">CalculateField RegressionData NBelPov200 [PovertyD_3] VB #</Process><Process ToolSource="c:\program files (x86)\arcgis\desktop10.1\ArcToolbox\Toolboxes\Data Management Tools.tbx\CalculateField" Date="20130902" Time="211255">CalculateField RegressionData PBelPov200 [PovertyD_4] VB #</Process><Process ToolSource="c:\program files (x86)\arcgis\desktop10.1\ArcToolbox\Toolboxes\Data Management Tools.tbx\CalculateField" Date="20130902" Time="211458">CalculateField RegressionData LnPBelPov2 log( [PBelPov200]+ 1 ) VB #</Process><Process ToolSource="c:\program files (x86)\arcgis\desktop10.1\ArcToolbox\Toolboxes\Data Management Tools.tbx\CalculateField" Date="20130902" Time="211558">CalculateField RegressionData LnNBelP2 log( [NBelPov200]+ 1 ) VB #</Process><Process ToolSource="c:\program files (x86)\arcgis\desktop10.1\ArcToolbox\Toolboxes\Data Management Tools.tbx\CalculateField" Date="20130902" Time="211630">CalculateField RegressionData LnNBelP2 log( [NBelPov100]+ 1 ) VB #</Process><Process ToolSource="c:\program files (x86)\arcgis\desktop10.2\ArcToolbox\Toolboxes\Data Management Tools.tbx\CalculateField" Date="20141013" Time="212133">CalculateField RegressionData Weird [MEDHVAL] VB #</Process><Process ToolSource="c:\program files (x86)\arcgis\desktop10.2\ArcToolbox\Toolboxes\Data Management Tools.tbx\CalculateField" Date="20141013" Time="212208">CalculateField RegressionData Weird 0 VB #</Process><Process ToolSource="c:\program files (x86)\arcgis\desktop10.2\ArcToolbox\Toolboxes\Data Management Tools.tbx\CalculateField" Date="20141013" Time="212223">CalculateField RegressionData BinaryPoin 1 VB #</Process><Process ToolSource="c:\program files (x86)\arcgis\desktop10.2\ArcToolbox\Toolboxes\Data Management Tools.tbx\CalculateField" Date="20150915" Time="102143">CalculateField RegressionData LNNBELPOV "Log ( [NBelPov100] + 1 )" VB #</Process></lineage></DataProperties></Esri></metadata>
