<metadata>
	<idinfo>
		<citation>
			<citeinfo>
				<title>Hospitals</title>
				<geoform>vector digital data</geoform>
				<onlink>http://www.pasda.psu.edu</onlink>
				<origin>PA Dept. of Health, Bureau of Health Statistics and Research</origin><pubdate>201210</pubdate></citeinfo>
		</citation>
		<descript>
			<abstract>Pennsylvania Hospitals that are licensed or approved by the PA Dept. of Health and Public Welfare or part of the Facilities Resource Emergency Database (FRED). Licensed or approved hospitals are those identified from the July 1, 2010 to June 30, 2011 reporting period.</abstract>
			<purpose>This layer was developed for use by emergency service organizations and the general public.</purpose>
		</descript>
		<status>
			<update>Annually</update>
		</status>
		<spdom>
			<bounding>
				<westbc>-80.530485</westbc>
				<eastbc>-74.770463</eastbc>
				<northbc>42.152475</northbc>
				<southbc>39.709620</southbc>
			</bounding>
		</spdom>
		<keywords><theme><themekey>Hospitals</themekey><themekt>ISO 19115 Topic Categories</themekt><themekey>society</themekey></theme></keywords>
		<accconst>Restriction Code: other restrictions; Other Constraints: Access constraints: None</accconst>
		<ptcontac>
			<cntinfo>
				<cntorgp>
					<cntorg>PA Dept. of Health</cntorg>
					<cntper>Steve Rosenberry</cntper>
				</cntorgp>
				<cntpos>GIS Coordinator</cntpos>
				<cntaddr>
					<addrtype>Unknown</addrtype>
					<address>555 Walnut St, 6th Floor, Bureau of Health Statistics and Research</address>
					<city>Harrisburg</city>
					<state>PA</state>
					<postal>17101</postal>
					<country>US</country>
				</cntaddr>
				<cntvoice>717-783-2548</cntvoice>
				<cntemail>strosenber@state.pa.us</cntemail>
				<hours>7:30 - 4:00</hours>
			</cntinfo>
		</ptcontac>
		<native>Microsoft Windows XP Version 5.1 (Build 2600) Service Pack 3; ESRI ArcGIS 10.0.2.3200</native>
		<timeperd><timeinfo><sngdate><caldate>201210</caldate></sngdate></timeinfo></timeperd></idinfo>
	<spdoinfo>
		<direct>Vector</direct>
		<ptvctinf>
			<sdtsterm>
				<sdtstype>Entity point</sdtstype>
				<ptvctcnt>258</ptvctcnt>
			</sdtsterm>
		</ptvctinf>
	</spdoinfo>
	<spref>
		<horizsys>
			<planar>
				<mapproj>
					<albers>
						<stdparll>40.0</stdparll>
						<stdparll>42.0</stdparll>
						<longcm>-78.0</longcm>
						<latprjo>39.0</latprjo>
						<feast>0.0</feast>
						<fnorth>0.0</fnorth>
					</albers>
				</mapproj>
				<planci>
					<plance>coordinate pair</plance>
					<coordrep>
						<absres>0.000000003571654083600607</absres>
						<ordres>0.000000003571654083600607</ordres>
					</coordrep>
					<plandu>Meter</plandu>
				</planci>
			</planar>
			<geodetic>
				<horizdn>D North American 1983</horizdn>
				<ellips>GRS 1980</ellips>
				<semiaxis>6378137.0</semiaxis>
				<denflat>298.257222101</denflat>
			</geodetic>
		</horizsys>
	</spref>
	<eainfo>
		<detailed>
			<enttyp>
				<enttypl>Hospitals</enttypl>
			</enttyp>
			<attr>
				<attrlabl>FID</attrlabl>
				<attrdef>Internal feature number.</attrdef>
				<attrdefs>ESRI</attrdefs>
				<attrdomv>
					<udom>Sequential unique whole numbers that are automatically generated.</udom>
				</attrdomv>
			</attr>
			<attr>
				<attrlabl>Shape</attrlabl>
				<attrdef>Feature geometry.</attrdef>
				<attrdefs>ESRI</attrdefs>
				<attrdomv>
					<udom>Coordinates defining the features.</udom>
				</attrdomv>
			</attr>
			<attr>
				<attrlabl>PROVIDERID</attrlabl>
				<attrdef>Number which uniquely identifies hospitals in the Facility Resources Emergency Database (FRED).</attrdef>
				<attrdefs>FRED</attrdefs>
			</attr>
			<attr>
				<attrlabl>BB_ID</attrlabl>
				<attrdef>Broadband ID.  This is the unique identifier for the broadband initiative in DCED.</attrdef>
				<attrdefs>PA Dept. of Health.</attrdefs>
			</attr>
			<attr>
				<attrlabl>Fac_ID</attrlabl>
				<attrdef>Facility ID number.</attrdef>
				<attrdefs>Hospitals survey.</attrdefs>
			</attr>
			<attr>
				<attrlabl>HOSP_ID</attrlabl>
				<attrdef>Hosptial ID.</attrdef>
				<attrdefs>PA Dept of Health.</attrdefs>
			</attr>
			<attr>
				<attrlabl>Facility</attrlabl>
				<attrdef>Hospital facility.</attrdef>
				<attrdefs>PA Dept of Health.</attrdefs>
			</attr>
			<attr>
				<attrlabl>Street</attrlabl>
				<attrdef>Street.</attrdef>
				<attrdefs>PA Dept. of Health.</attrdefs>
			</attr>
			<attr>
				<attrlabl>City</attrlabl>
				<attrdef>City.</attrdef>
				<attrdefs>PA Dept. of Health.</attrdefs>
			</attr>
			<attr>
				<attrlabl>ZIP</attrlabl>
				<attrdef>ZIP code.</attrdef>
				<attrdefs>PA Dept. of Health.</attrdefs>
			</attr>
			<attr>
				<attrlabl>X</attrlabl>
				<attrdef>Longitude.</attrdef>
				<attrdefs>PA Dept. of Health.</attrdefs>
			</attr>
			<attr>
				<attrlabl>Y</attrlabl>
				<attrdef>Latitude.</attrdef>
				<attrdefs>PA Dept. of Health.</attrdefs>
			</attr>
			<attr>
				<attrlabl>DOH_Phone</attrlabl>
				<attrdef>Hospital phone number.</attrdef>
				<attrdefs>PA Dept. of Health Hospital Survey.</attrdefs>
			</attr>
			<attr>
				<attrlabl>FRED_PHONE</attrlabl>
				<attrdef>Hospital phone number.</attrdef>
				<attrdefs>FRED.</attrdefs>
			</attr>
			<attr>
				<attrlabl>FRED_FAX</attrlabl>
				<attrdef>Hospital fax number.</attrdef>
				<attrdefs>FRED.</attrdefs>
			</attr>
			<attr>
				<attrlabl>FRED_PAGER</attrlabl>
				<attrdef>Hospital contact pager number.</attrdef>
				<attrdefs>FRED.</attrdefs>
			</attr>
			<attr>
				<attrlabl>FRED_CONTA</attrlabl>
				<attrdef>FRED contact at hospital.</attrdef>
				<attrdefs>FRED.</attrdefs>
			</attr>
			<attr>
				<attrlabl>FRED_CON_1</attrlabl>
				<attrdef>Contact title.</attrdef>
				<attrdefs>FRED.</attrdefs>
			</attr>
			<attr>
				<attrlabl>FRED_EMAIL</attrlabl>
				<attrdef>Email address for FRED contact.</attrdef>
				<attrdefs>FRED.</attrdefs>
			</attr>
			<attr>
				<attrlabl>LOC_METHOD</attrlabl>
				<attrdef>Point location creation method.  G=Geocoded address.  R=Point rectified to hospital rooftop using aerial photography.</attrdef>
				<attrdefs>PA Dept of Health.</attrdefs>
			</attr>
			<attr>
				<attrlabl>ARC_STREET</attrlabl>
				<attrdef>Street address from geocoding process.</attrdef>
				<attrdefs>PA Dept. of Health.</attrdefs>
			</attr>
			<attr>
				<attrlabl>ARC_ZONE</attrlabl>
				<attrdef>ZIP code from geocoding process.</attrdef>
				<attrdefs>PA Dept. of Health.</attrdefs>
			</attr>
			<attr>
				<attrlabl>COUNTY</attrlabl>
				<attrdef>County name where hospital is located.</attrdef>
				<attrdefs>PA Dept. of Health.</attrdefs>
			</attr>
			<attr>
				<attrlabl>FRED_Hosp</attrlabl>
				<attrdef>FRED Hospital.  Y=Yes.  N=No.</attrdef>
				<attrdefs>PA Dept. of Health. </attrdefs>
			</attr>
			<attr>
				<attrlabl>DOH_Hosp</attrlabl>
				<attrdef>DOH Hospital from hospital survey.  Y=Yes.  N=No.</attrdef>
				<attrdefs>PA Dept. of Health.</attrdefs>
			</attr>
			<attr>
				<attrlabl>Typ_Org</attrlabl>
				<attrdef>Type of Organization.</attrdef>
				<attrdefs>PA Dept. of Health.</attrdefs>
			</attr>
			<attr>
				<attrlabl>Typ_Serv</attrlabl>
				<attrdef>Type of Service.</attrdef>
				<attrdefs>PA Dept. of Health.</attrdefs>
			</attr>
			<attr>
				<attrlabl>LTC</attrlabl>
				<attrdef>Long-term care.  Y=Yes.  N=No.</attrdef>
				<attrdefs>PA Dept. of Health.</attrdefs>
			</attr>
			<attr>
				<attrlabl>Bassinets</attrlabl>
				<attrdef>Number of bassinets.</attrdef>
				<attrdefs>PA Dept. of Health.</attrdefs>
			</attr>
			<attr>
				<attrlabl>Birthing_r</attrlabl>
				<attrdef>Number of birthing rooms.</attrdef>
				<attrdefs>PA Dept. of Health.</attrdefs>
			</attr>
			<attr>
				<attrlabl>Deliv_rms</attrlabl>
				<attrdef>Number of delivery rooms.</attrdef>
				<attrdefs>PA Dept. of Health.</attrdefs>
			</attr>
			<attr>
				<attrlabl>Labor_rms</attrlabl>
				<attrdef>Number of labor rooms.</attrdef>
				<attrdefs>PA Dept. of Health.</attrdefs>
			</attr>
			<attr>
				<attrlabl>Neo2_Beds</attrlabl>
				<attrdef>Number of neonatal level II beds.</attrdef>
				<attrdefs>PA Dept. of Health.</attrdefs>
			</attr>
			<attr>
				<attrlabl>Neo2_SUS_B</attrlabl>
				<attrdef>Number of neonatal level II beds set up and staffed.</attrdef>
				<attrdefs>PA Dept. of Health.</attrdefs>
			</attr>
			<attr>
				<attrlabl>Neo3_Beds</attrlabl>
				<attrdef>Number of neonatal level III beds.</attrdef>
				<attrdefs>PA Dept. of Health.</attrdefs>
			</attr>
			<attr>
				<attrlabl>Neo3_SUS_B</attrlabl>
				<attrdef>Number of neonatal level III beds set up and staffed.</attrdef>
				<attrdefs>PA Dept. of Health.</attrdefs>
			</attr>
			<attr>
				<attrlabl>Burn_Care</attrlabl>
				<attrdef>Burn care.  Y=Yes.  N=No.</attrdef>
				<attrdefs>PA Dept. of Health.</attrdefs>
			</attr>
			<attr>
				<attrlabl>BC_Beds</attrlabl>
				<attrdef>Number of burn care beds.</attrdef>
				<attrdefs>PA Dept. of Health.</attrdefs>
			</attr>
			<attr>
				<attrlabl>BC_SUS_Bed</attrlabl>
				<attrdef>Number of burn care beds set up and staffed.</attrdef>
				<attrdefs>PA Dept. of Health.</attrdefs>
			</attr>
			<attr>
				<attrlabl>Cardiac</attrlabl>
				<attrdef>Cardiac unit.  Y=Yes.  N=No.</attrdef>
				<attrdefs>PA Dept. of Health.</attrdefs>
			</attr>
			<attr>
				<attrlabl>Card_Beds</attrlabl>
				<attrdef>Number of cardiac unit beds.</attrdef>
				<attrdefs>PA Dept. of Health.</attrdefs>
			</attr>
			<attr>
				<attrlabl>Card_SUS_B</attrlabl>
				<attrdef>Number of cardiac unit beds set up and staffed.</attrdef>
				<attrdefs>PA Dept. of Health.</attrdefs>
			</attr>
			<attr>
				<attrlabl>ICU</attrlabl>
				<attrdef>Intensive care unit.  Y=Yes.  N=No.</attrdef>
				<attrdefs>PA Dept. of Health. </attrdefs>
			</attr>
			<attr>
				<attrlabl>ICU_Beds</attrlabl>
				<attrdef>Number of intensive care unit beds available.</attrdef>
				<attrdefs>PA Dept. of Health.</attrdefs>
			</attr>
			<attr>
				<attrlabl>ICU_SUS_Be</attrlabl>
				<attrdef>Number of intensive care unit beds set up and staffed.</attrdef>
				<attrdefs>PA Dept. of Health.</attrdefs>
			</attr>
			<attr>
				<attrlabl>Lic_Beds</attrlabl>
				<attrdef>Number of licensed beds in hospital.</attrdef>
				<attrdefs>PA Dept. of Health.</attrdefs>
			</attr>
			<attr>
				<attrlabl>Beds_SUS</attrlabl>
				<attrdef>Number of licensed beds set up and staffed.</attrdef>
				<attrdefs>PA Dept. of Health.</attrdefs>
			</attr>
			<attr>
				<attrlabl>Detox_Alc_</attrlabl>
				<attrdef>Detoxification for alcohol and drugs.  Y=Yes.  N=No.</attrdef>
				<attrdefs>PA Dept of Health.</attrdefs>
			</attr>
			<attr>
				<attrlabl>Occ_Ther</attrlabl>
				<attrdef>Occupational therapy.  Y=Yes.  N=No.</attrdef>
				<attrdefs>PA Dept. of Health.</attrdefs>
			</attr>
			<attr>
				<attrlabl>Psych_Inpa</attrlabl>
				<attrdef>Psychiatric inpatient care services.  Y=Yes.  N=No.</attrdef>
				<attrdefs>PA Dept. of Health. </attrdefs>
			</attr>
			<attr>
				<attrlabl>Burn_Car</attrlabl>
				<attrdef>Burn care.  Y=Yes.  N=No.</attrdef>
				<attrdefs>PA Dept. of Health.</attrdefs>
			</attr>
			<attr>
				<attrlabl>Hospice</attrlabl>
				<attrdef>Hospice.  Y=Yes.  N=No.</attrdef>
				<attrdefs>PA Dept. of Health.</attrdefs>
			</attr>
			<attr>
				<attrlabl>Optometry</attrlabl>
				<attrdef>Optometry services.  Y=Yes.  N=No.</attrdef>
				<attrdefs>PA Dept. of Health.</attrdefs>
			</attr>
			<attr>
				<attrlabl>Cardio_Reh</attrlabl>
				<attrdef>Cardiopulmonary rehabilitation.  Y=Yes.  N=No.</attrdef>
				<attrdefs>PA Dept. of Health.</attrdefs>
			</attr>
			<attr>
				<attrlabl>Hyper_Cham</attrlabl>
				<attrdef>Hyperbaric chamber.  Y=Yes.  N=No.</attrdef>
				<attrdefs>PA Dept. of Health.</attrdefs>
			</attr>
			<attr>
				<attrlabl>Organ_Bank</attrlabl>
				<attrdef>Organ bank.  Y=Yes.  N=No.</attrdef>
				<attrdefs>PA Dept. of Health. </attrdefs>
			</attr>
			<attr>
				<attrlabl>Chemo</attrlabl>
				<attrdef>Chemotherapy.  Y=Yes.  N=No.</attrdef>
				<attrdefs>PA Dept. of Health.</attrdefs>
			</attr>
			<attr>
				<attrlabl>Pharmacy</attrlabl>
				<attrdef>Pharmacy.  Y=Yes.  N=No.</attrdef>
				<attrdefs>PA Dept. of Health.</attrdefs>
			</attr>
			<attr>
				<attrlabl>Clin_Lab</attrlabl>
				<attrdef>Clinical laboratory.  Y=Yes.  N=No.</attrdef>
				<attrdefs>PA Dept. of Health.</attrdefs>
			</attr>
			<attr>
				<attrlabl>Phys_Ther</attrlabl>
				<attrdef>Physical therapy.  Y=Yes.  N=No.</attrdef>
				<attrdefs>PA Dept. of Health.</attrdefs>
			</attr>
			<attr>
				<attrlabl>Resp_Ther</attrlabl>
				<attrdef>Respiratory therapy.  Y=Yes.  N=No.</attrdef>
				<attrdefs>PA Dept. of Health.</attrdefs>
			</attr>
			<attr>
				<attrlabl>Clin_Psych</attrlabl>
				<attrdef>Clinical psychology.  Y=Yes.  N=No.</attrdef>
				<attrdefs>PA Dept. of Health.</attrdefs>
			</attr>
			<attr>
				<attrlabl>Neurology</attrlabl>
				<attrdef>Neurology.  Y=Yes.  N=No.</attrdef>
				<attrdefs>PA Dept. of Health.</attrdefs>
			</attr>
			<attr>
				<attrlabl>Podiatry</attrlabl>
				<attrdef>Podiatry.  Y=Yes.  N=No.</attrdef>
				<attrdefs>PA Dept. of Health. </attrdefs>
			</attr>
			<attr>
				<attrlabl>Social_Wor</attrlabl>
				<attrdef>Social worker.  Y=Yes.  N=No.</attrdef>
				<attrdefs>PA Dept. of Health. </attrdefs>
			</attr>
			<attr>
				<attrlabl>Gene_Counc</attrlabl>
				<attrdef>Genetic counseling.  Y=Yes.  N=No.</attrdef>
				<attrdefs>PA Dept. of Health.</attrdefs>
			</attr>
			<attr>
				<attrlabl>Neuro_Surg</attrlabl>
				<attrdef>Neurological surgery.  Y=Yes.  N=No.</attrdef>
				<attrdefs>PA Dept. of Health. </attrdefs>
			</attr>
			<attr>
				<attrlabl>Speech_Pat</attrlabl>
				<attrdef>Speech pathology &amp; audiology.  Y=Yes.  N=No.</attrdef>
				<attrdefs>PA Dept. of Health.</attrdefs>
			</attr>
			<attr>
				<attrlabl>Cardiac_Ca</attrlabl>
				<attrdef>Cardiac catheterization.  Y=Yes.  N=No.</attrdef>
				<attrdefs>PA Dept. of Health.</attrdefs>
			</attr>
			<attr>
				<attrlabl>Lithotrips</attrlabl>
				<attrdef>Lithotripsy.  Y=Yes.  N=No.</attrdef>
				<attrdefs>PA Dept. of Health.</attrdefs>
			</attr>
			<attr>
				<attrlabl>Hemodial_M</attrlabl>
				<attrdef>Hemodialysis home care/mobile unit.  Y=Yes.  N=No.</attrdef>
				<attrdefs>PA Dept. of Health. </attrdefs>
			</attr>
			<attr>
				<attrlabl>Hemodial_C</attrlabl>
				<attrdef>Hemodialysis chronic services only.  Y=Yes.  N=No.</attrdef>
				<attrdefs>PA Dept. of Health.</attrdefs>
			</attr>
			<attr>
				<attrlabl>CT_Scan</attrlabl>
				<attrdef>Computed Tomography (CT) scanner.   Y=Yes.  N=No.</attrdef>
				<attrdefs>PA Dept. of Health.</attrdefs>
			</attr>
			<attr>
				<attrlabl>Diag_Xray</attrlabl>
				<attrdef>Diagnostic x-ray.   Y=Yes.  N=No.</attrdef>
				<attrdefs>PA Dept. of Health.</attrdefs>
			</attr>
			<attr>
				<attrlabl>MRI</attrlabl>
				<attrdef>Magnetic resonance imaging (MRI).  Y=Yes.  N=No.</attrdef>
				<attrdefs>PA Dept. of Health.</attrdefs>
			</attr>
			<attr>
				<attrlabl>Ultrasound</attrlabl>
				<attrdef>Utrasound.  Y=Yes.  N=No.</attrdef>
				<attrdefs>PA Dept. of Health.</attrdefs>
			</attr>
			<attr>
				<attrlabl>Gamma_Knif</attrlabl>
				<attrdef>Gamma knife.  Y=Yes.  N=No.</attrdef>
				<attrdefs>PA Dept. of Health.</attrdefs>
			</attr>
			<attr>
				<attrlabl>Linear_Acc</attrlabl>
				<attrdef>Linear accelerator.  Y=Yes.  N=No.</attrdef>
				<attrdefs>PA Dept. of Health.</attrdefs>
			</attr>
			<attr>
				<attrlabl>Diag_Radio</attrlabl>
				<attrdef>Diagnostic radioisotope.  Y=Yes.  N=No.</attrdef>
				<attrdefs>PA Dept. of Health. </attrdefs>
			</attr>
			<attr>
				<attrlabl>Thera_Radi</attrlabl>
				<attrdef>Therapeutic radioisotope.  Y=Yes.  N=No.</attrdef>
				<attrdefs>PA Dept. of Health.</attrdefs>
			</attr>
			<attr>
				<attrlabl>PET</attrlabl>
				<attrdef>Positron emission tomography (PET).  Y=Yes.  N=No.</attrdef>
				<attrdefs>PA Dept. of Health.</attrdefs>
			</attr>
			<attr>
				<attrlabl>Surgical_S</attrlabl>
				<attrdef>Surgical services.  Y=Yes.  N=No.</attrdef>
				<attrdefs>PA Dept. of Health.</attrdefs>
			</attr>
			<attr>
				<attrlabl>Cystoscopi</attrlabl>
				<attrdef>Cystoscopies.  Y=Yes.  N=No.</attrdef>
				<attrdefs>PA Dept. of Health. </attrdefs>
			</attr>
			<attr>
				<attrlabl>Endoscopie</attrlabl>
				<attrdef>Endoscopies.  Y=Yes.  N=No.</attrdef>
				<attrdefs>PA Dept. of Health.</attrdefs>
			</attr>
			<attr>
				<attrlabl>Card_Surge</attrlabl>
				<attrdef>Cardiac surgery.  Y=Yes.  N=No.</attrdef>
				<attrdefs>PA Dept. of Health. </attrdefs>
			</attr>
			<attr>
				<attrlabl>Bone_Marro</attrlabl>
				<attrdef>Bone marrow.  Y=Yes.  N=No.</attrdef>
				<attrdefs>PA Dept. of Health.</attrdefs>
			</attr>
			<attr>
				<attrlabl>Heart_Tran</attrlabl>
				<attrdef>Heart transplant.  Y=Yes.  N=No.</attrdef>
				<attrdefs>PA Dept. of Health.</attrdefs>
			</attr>
			<attr>
				<attrlabl>Kidney_Tra</attrlabl>
				<attrdef>Kidney transplant.  Y=Yes.  N=No.</attrdef>
				<attrdefs>PA Dept. of Health. </attrdefs>
			</attr>
			<attr>
				<attrlabl>Liver_Tran</attrlabl>
				<attrdef>Liver transplant.  Y=Yes.  N=No.</attrdef>
				<attrdefs>PA Dept. of Health.</attrdefs>
			</attr>
			<attr>
				<attrlabl>Emer_Dept</attrlabl>
				<attrdef>Emergency department.  Y=Yes.  N=No.</attrdef>
				<attrdefs>PA Dept. of Health. </attrdefs>
			</attr>
			<attr>
				<attrlabl>ALS</attrlabl>
				<attrdef>Advanced Life Support (ALS).  Y=Yes.  N=No.</attrdef>
				<attrdefs>PA Dept. of Health. </attrdefs>
			</attr>
			<attr>
				<attrlabl>Mob_ICU</attrlabl>
				<attrdef>Mobile intensive care unit.  Y=Yes.  N=No.</attrdef>
				<attrdefs>PA Dept. of Health.</attrdefs>
			</attr>
			<attr>
				<attrlabl>Bas_LS</attrlabl>
				<attrdef>Basic Life Support.   Y=Yes.  N=No.</attrdef>
				<attrdefs>PA Dept. of Health.</attrdefs>
			</attr>
			<attr>
				<attrlabl>Mob_CCU</attrlabl>
				<attrdef>Mobile Critical Care Unit.  Y=Yes.  N=No.</attrdef>
				<attrdefs>PA Dept. of Health.</attrdefs>
			</attr>
			<attr>
				<attrlabl>Air_Amb</attrlabl>
				<attrdef>Air ambulance.  Y=Yes.  N=No.</attrdef>
				<attrdefs>PA Dept. of Health.</attrdefs>
			</attr>
			<attr>
				<attrlabl>Dental</attrlabl>
				<attrdef>Dental services.  Y=Yes.  N=No.</attrdef>
				<attrdefs>PA Dept. of Health.</attrdefs>
			</attr>
			<attr>
				<attrlabl>Psych</attrlabl>
				<attrdef>Psychiatric services.  Y=Yes.  N=No.</attrdef>
				<attrdefs>PA Dept. of Health. </attrdefs>
			</attr>
			<attr>
				<attrlabl>Medical</attrlabl>
				<attrdef>Medical services.  Y=Yes.  N=No.</attrdef>
				<attrdefs>PA Dept. of Health.</attrdefs>
			</attr>
			<attr>
				<attrlabl>Surgical</attrlabl>
				<attrdef>Surgical services.  Y=Yes.  N=No.</attrdef>
				<attrdefs>PA Dept. of Health.</attrdefs>
			</attr>
			<attr>
				<attrlabl>Obs_Gyn</attrlabl>
				<attrdef>Obstetric-gynecology.  Y=Yes.  N=No.</attrdef>
				<attrdefs>PA Dept. of Health.</attrdefs>
			</attr>
			<attr>
				<attrlabl>Gen_OutPat</attrlabl>
				<attrdef>General outpatient only.  Y=Yes.  N=No.</attrdef>
				<attrdefs>PA Dept. of Health. </attrdefs>
			</attr>
			<attr>
				<attrlabl>Pediatric</attrlabl>
				<attrdef>Pediatric services.  Y=Yes.  N=No.</attrdef>
				<attrdefs>PA Dept. of Health.</attrdefs>
			</attr>
			<attr>
				<attrlabl>Phys_Med</attrlabl>
				<attrdef>Physical medicine.  Y=Yes.  N=No.</attrdef>
				<attrdefs>PA Dept. of Health. </attrdefs>
			</attr>
			<attr>
				<attrlabl>Lic_MDs</attrlabl>
				<attrdef>Number of licensed MDs.</attrdef>
				<attrdefs>PA Dept. of Health.</attrdefs>
			</attr>
			<attr>
				<attrlabl>Lic_DOs</attrlabl>
				<attrdef>Number of licensed DOs.</attrdef>
				<attrdefs>PA Dept. of Health.</attrdefs>
			</attr>
			<attr>
				<attrlabl>Lic_Dent</attrlabl>
				<attrdef>Number of licensed dentists.</attrdef>
				<attrdefs>PA Dept. of Health.</attrdefs>
			</attr>
			<attr>
				<attrlabl>Lic_Pod</attrlabl>
				<attrdef>Number of licensed podiatrists.</attrdef>
				<attrdefs>PA Dept. of Health.</attrdefs>
			</attr>
			<attr>
				<attrlabl>Flu_Old</attrlabl>
				<attrdef>Provide flu and/or pneumococcal vaccine to elederly patients.  Y=Yes.  N=No.</attrdef>
				<attrdefs>PA Dept. of Health.</attrdefs>
			</attr>
			<attr>
				<attrlabl>SO_Flu_65U</attrlabl>
				<attrdef>Standing order for flu vaccines to patients 65 and older.  Y=Yes.  N=No.</attrdef>
				<attrdefs>PA Dept. of Health.</attrdefs>
			</attr>
			<attr>
				<attrlabl>Inpat_Flu_</attrlabl>
				<attrdef>Number of patients receiving flu vaccine, age 65 and older.</attrdef>
				<attrdefs>PA Dept. of Health.</attrdefs>
			</attr>
			<attr>
				<attrlabl>Inpat_Pneu</attrlabl>
				<attrdef>Number of patients receiving pneumococcal vaccine, age 65 and older.</attrdef>
				<attrdefs>PA Dept. of Health.</attrdefs>
			</attr>
			<attr>
				<attrlabl>HELIPAD</attrlabl>
				<attrdef>Helipad.  Y=Yes.  N=No.</attrdef>
				<attrdefs>PA Dept. of Transportation - Aviation Division.  Contact - Alesia Johnson. </attrdefs>
			</attr>
			<attr>
				<attrlabl>ACC_TRAUMA</attrlabl>
				<attrdef>Accredited trauma center.  Y = Hospital accredited by the PA Trauma Systems Foundation as a trauma hospital for October 1, 2010 - September 30, 2011.  N = Not an accredited trauma hospital.</attrdef>
				<attrdefs>PA Trauma Systems Foundation.</attrdefs>
			</attr>
			<attr>
				<attrlabl>REG_TRAUMA</attrlabl>
				<attrdef>Regional trauma level.</attrdef>
				<attrdefs>PA Trauma Systems Foundation Hospital Accreditation Status Report for October 1, 2010 through September 30, 2011.  Level I, Level II, or Ped Level I or II.  Descriptions of these services are available at:  http://www.ptsf.org/standards_of_accreditation.</attrdefs>
			</attr>
			<attr>
				<attrlabl>PED_TRAUMA</attrlabl>
				<attrdef>Pediatric trauma level.</attrdef>
				<attrdefs>PA Trauma Systems Foundation Hospital Accreditation Status Report for October 1, 2010 - September 30, 2011.  Level I, Level II, or Ped Lev I or II.  Descriptions of these differences are available at:  http://www.ptsf.org/standards_of_accreditation.</attrdefs>
			</attr>
			<attr>
				<attrlabl>MS1</attrlabl>
				<attrdef>Hospitals with nuclear medicine departments are designated to decontaminate and treat victims in the time of an event at a nuclear power plant.  Federal Emergency Management Agency (FEMA) requires at least a primary and secondary hospital to service each nuclear facility.  This field contains the name or names of the nuclear facilities that a hospital services in the time of a nuclear event at a power plant.</attrdef>
				<attrdefs>Pennsylvania Emergency Management Agency (PEMA) is responsible for the designation of these hospitals.  PEMA runs drills on the facilities, writes reports on the outcomes, and ensures that the designated hospitals maintain the service level that FEMA requires.  Victor Wilson at PEMA currently oversees these drills.</attrdefs>
			</attr>
			<attr>
				<attrlabl>MCD_NAME</attrlabl>
				<attrdef>Name of minor civil division where hospital is located.</attrdef>
				<attrdefs>PA Dept. of Health.</attrdefs>
			</attr>
			<attr>
				<attrlabl>MCD</attrlabl>
				<attrdef>Minor civil division FIPS code.</attrdef>
				<attrdefs>PA Dept. of Health.</attrdefs>
			</attr>
			<attr>
				<attrlabl>MCD_KEY</attrlabl>
				<attrdef>Minor civil division FIPS key code containing state, county, and MCD FIPS string.</attrdef>
				<attrdefs>PA Dept. of Health.</attrdefs>
			</attr>
			<attr>
				<attrlabl>COUNTYNAME</attrlabl>
				<attrdef>County name.</attrdef>
				<attrdefs>PA Dept. of Health.</attrdefs>
			</attr>
			<attr>
				<attrlabl>CTY_KEY</attrlabl>
				<attrdef>County FIPS code.</attrdef>
				<attrdefs>PA Dept. of Health.</attrdefs>
			</attr>
		</detailed>
	</eainfo>
	<metainfo>
		<metd>201210</metd>
		<metc>
			<cntinfo>
				<cntorgp>
					<cntorg>PA Dept. of Health</cntorg>
					<cntper>Steve Rosenberry</cntper>
				</cntorgp>
				<cntpos>GIS Coordinator</cntpos>
				<cntaddr>
					<addrtype>Unknown</addrtype>
					<address>555 Walnut St, 6th Floor, Bureau of Health Statistics and Research</address>
					<city>Harrisburg</city>
					<state>PA</state>
					<postal>17101</postal>
					<country>US</country>
				</cntaddr>
				<cntvoice>717-783-2548</cntvoice>
				<cntemail>strosenber@state.pa.us</cntemail>
				<hours>7:30 - 4:00</hours>
			</cntinfo>
		</metc>
		<metstdn>FGDC Content Standard for Digital Geospatial Metadata</metstdn>
		<metstdv>FGDC-STD-001-1998</metstdv>
	</metainfo>
	<distinfo><distrib><cntinfo><cntperp><cntorg>Pennsylvania Spatial Data Access (PASDA)</cntorg></cntperp><cntaddr><addrtype>mailing address</addrtype><address>115 Land and Water building</address><city>University Park</city><state>Pennsylvania</state><postal>16802</postal><country>United States</country></cntaddr><cntvoice>814-865-8792</cntvoice><cntemail>pasda@psu.edu</cntemail></cntinfo></distrib><distliab>The USER shall indemnify, save harmless, and, if requested, defend those parties involved with the development and distribution of this data, their officers, agents, and employees from and against any suits, claims, or actions for injury, death, or property damage arising out of the use of or any defect in the FILES or any accompanying documentation. Those parties involved with the development and distribution excluded any and all implied warranties, including warranties or merchantability and fitness for a particular purpose and makes no warranty or representation, either express or implied, with respect to the FILES or accompanying documentation, including its quality, performance, merchantability, or fitness for a particular purpose. The FILES and documentation are provided "as is" and the USER assumes the entire risk as to its quality and performance. Those parties involved with the development and distribution of this data will not be liable for any direct, indirect, special, incidental, or consequential damages arising out of the use or inability to use the FILES or any accompanying documentation.</distliab></distinfo></metadata>
